{
    "records": [
        {
            "attributes": {
                "type": "Account",
                "referenceId": "AccountRef1"
            },
            "Name": "Thompson, Skidmore and Smith"
        },
        {
            "attributes": {
                "type": "Account",
                "referenceId": "AccountRef2"
            },
            "Name": "Maya Obelle Household"
        },
        {
            "attributes": {
                "type": "Account",
                "referenceId": "AccountRef3"
            },
            "Name": "Chen & Semerci Holdings"
        },
        {
            "attributes": {
                "type": "Account",
                "referenceId": "AccountRef4"
            },
            "Name": "Farscape Inc."
        },
        {
            "attributes": {
                "type": "Account",
                "referenceId": "AccountRef5"
            },
            "Name": "Omuta, Heider and Rosch"
        },
        {
            "attributes": {
                "type": "Account",
                "referenceId": "AccountRef6"
            },
            "Name": "Suntime Cable Networks"
        },
        {
            "attributes": {
                "type": "Account",
                "referenceId": "AccountRef7"
            },
            "Name": "VIP Catering"
        },
        {
            "attributes": {
                "type": "Account",
                "referenceId": "AccountRef8"
            },
            "Name": "Ortiz Household"
        },
        {
            "attributes": {
                "type": "Account",
                "referenceId": "AccountRef9"
            },
            "Name": "Bhaumik Productions"
        },
        {
            "attributes": {
                "type": "Account",
                "referenceId": "AccountRef10"
            },
            "Name": "Matiewe & Associates Consulting"
        },
        {
            "attributes": {
                "type": "Account",
                "referenceId": "AccountRef11"
            },
            "Name": "Mosner & Associates"
        },
        {
            "attributes": {
                "type": "Account",
                "referenceId": "AccountRef12"
            },
            "Name": "Claxton Household"
        }
    ]
}
