{
 "records" : [ {
    "attributes" : {
      "type" : "Product2",
      "referenceId": "Product2Ref1"
    },
    "Description" : null,
    "DisplayUrl" : null,
    "Family" : null,
    "IsActive" : true,
    "Name" : "GenWatt Diesel 200kW",
    "ProductCode" : "GC1040"
  }, {
    "attributes" : {
      "type" : "Product2",
       "referenceId": "Product2Ref2"
    },
    "Description" : null,
    "DisplayUrl" : null,
    "Family" : null,
    "IsActive" : true,
    "Name" : "GenWatt Diesel 10kW",
    "ProductCode" : "GC1020"
  }, {
    "attributes" : {
      "type" : "Product2",
       "referenceId": "Product2Ref20"
    },
    "Description" : null,
    "DisplayUrl" : null,
    "Family" : null,
    "IsActive" : true,
    "Name" : "Installation: Industrial - High",
    "ProductCode" : "IN7080"
  }, {
    "attributes" : {
      "type" : "Product2",
       "referenceId": "Product2Ref4"
    },
    "Description" : null,
    "DisplayUrl" : null,
    "Family" : null,
    "IsActive" : true,
    "Name" : "SLA: Silver",
    "ProductCode" : "SL9040"
  }, {
    "attributes" : {
      "type" : "Product2",
      "referenceId": "Product2Ref5"
    },
    "Description" : null,
    "DisplayUrl" : null,
    "Family" : null,
    "IsActive" : true,
    "Name" : "GenWatt Propane 500kW",
    "ProductCode" : "GC3040"
  }, {
    "attributes" : {
      "type" : "Product2",
       "referenceId": "Product2Ref6"
    },
    "Description" : null,
    "DisplayUrl" : null,
    "Family" : null,
    "IsActive" : true,
    "Name" : "SLA: Platinum",
    "ProductCode" : "SL9080"
  }, {
    "attributes" : {
      "type" : "Product2",
      "referenceId": "Product2Ref7"
    },
    "Description" : null,
    "DisplayUrl" : null,
    "Family" : null,
    "IsActive" : true,
    "Name" : "GenWatt Propane 100kW",
    "ProductCode" : "GC3020"
  }, {
    "attributes" : {
      "type" : "Product2",
       "referenceId": "Product2Ref8"
    },
    "Description" : null,
    "DisplayUrl" : null,
    "Family" : null,
    "IsActive" : true,
    "Name" : "GenWatt Propane 1500kW",
    "ProductCode" : "GC3060"
  }, {
    "attributes" : {
      "type" : "Product2",
      "referenceId": "Product2Ref9"
    },
    "Description" : null,
    "DisplayUrl" : null,
    "Family" : null,
    "IsActive" : true,
    "Name" : "GenWatt Diesel 1000kW",
    "ProductCode" : "GC1060"
  }, {
    "attributes" : {
      "type" : "Product2",
      "referenceId": "Product2Ref10"
    },
    "Description" : null,
    "DisplayUrl" : null,
    "Family" : null,
    "IsActive" : true,
    "Name" : "SLA: Bronze",
    "ProductCode" : "SL9020"
  }, {
    "attributes" : {
      "type" : "Product2",
       "referenceId": "Product2Ref11"
    },
    "Description" : null,
    "DisplayUrl" : null,
    "Family" : null,
    "IsActive" : true,
    "Name" : "GenWatt Gasoline 750kW",
    "ProductCode" : "GC5040"
  }, {
    "attributes" : {
      "type" : "Product2",
      "referenceId": "Product2Ref12"
    },
    "Description" : null,
    "DisplayUrl" : null,
    "Family" : null,
    "IsActive" : true,
    "Name" : "Installation: Portable",
    "ProductCode" : "IN7020"
  }, {
    "attributes" : {
      "type" : "Product2",
       "referenceId": "Product2Ref13"
    },
    "Description" : null,
    "DisplayUrl" : null,
    "Family" : null,
    "IsActive" : true,
    "Name" : "SLA: Gold",
    "ProductCode" : "SL9060"
  }, {
    "attributes" : {
      "type" : "Product2",
       "referenceId": "Product2Ref14"
    },
    "Description" : null,
    "DisplayUrl" : null,
    "Family" : null,
    "IsActive" : true,
    "Name" : "GenWatt Gasoline 300kW",
    "ProductCode" : "GC5020"
  }, {
    "attributes" : {
      "type" : "Product2",
       "referenceId": "Product2Ref15"
    },
    "Description" : null,
    "DisplayUrl" : null,
    "Family" : null,
    "IsActive" : true,
    "Name" : "Installation: Industrial - Low",
    "ProductCode" : "IN7040"
  }, {
    "attributes" : {
      "type" : "Product2",
      "referenceId": "Product2Ref16"
    },
    "Description" : null,
    "DisplayUrl" : null,
    "Family" : null,
    "IsActive" : true,
    "Name" : "GenWatt Gasoline 2000kW",
    "ProductCode" : "GC5060"
  }, {
    "attributes" : {
      "type" : "Product2",
       "referenceId": "Product2Ref17"
    },
    "Description" : null,
    "DisplayUrl" : null,
    "Family" : null,
    "IsActive" : true,
    "Name" : "Installation: Industrial - Medium",
    "ProductCode" : "IN7060"
  } ]
}
